Workbook

Sheet CMS Master Scores
A1: CMS | B1: License Cost | C1: Security | D1: Ease of Use (Authors) | E1: Learning Curve (Developers) | F1: Setup Time | G1: Cloud Support | H1: Extensibility | I1: Performance & Scalability | J1: Headless Capability | K1: Multilingual Support | L1: Workflow & Governance | M1: Upgrade & Maintenance Effort | N1: Vendor Lock-in Risk | O1: Ecosystem & Talent Availability | P1: Market Resource Availability
A2: Adobe Experience Manager (AEM) | B2: 1 | C2: 5 | D2: 3 | E2: 2 | F2: 2 | G2: 5 | H2: 5 | I2: 5 | J2: 4 | K2: 5 | L2: 5 | M2: 2 | N2: 5 | O2: 4 | P2: 4
A3: Sitecore | B3: 1 | C3: 5 | D3: 3 | E3: 2 | F3: 2 | G3: 5 | H3: 5 | I3: 5 | J3: 4 | K3: 5 | L3: 5 | M3: 2 | N3: 5 | O3: 4 | P3: 4
A4: Optimizely (Episerver) | B4: 1 | C4: 5 | D4: 4 | E4: 3 | F4: 3 | G4: 5 | H4: 4 | I4: 5 | J4: 4 | K4: 4 | L4: 4 | M4: 3 | N4: 4 | O4: 3 | P4: 3
A5: Acquia Drupal | B5: 2 | C5: 5 | D5: 3 | E5: 3 | F5: 3 | G5: 5 | H5: 5 | I5: 5 | J5: 5 | K5: 5 | L5: 5 | M5: 3 | N5: 5 | O5: 5 | P5: 5
A6: Bloomreach | B6: 1 | C6: 5 | D6: 3 | E6: 3 | F6: 2 | G6: 5 | H6: 4 | I6: 5 | J6: 5 | K6: 4 | L6: 4 | M6: 3 | N6: 4 | O6: 3 | P6: 3
A7: Crownpeak | B7: 1 | C7: 5 | D7: 4 | E7: 4 | F7: 3 | G7: 5 | H7: 3 | I7: 4 | J7: 4 | K7: 4 | L7: 4 | M7: 3 | N7: 3 | O7: 2 | P7: 2
A8: Liferay DXP | B8: 2 | C8: 5 | D8: 3 | E8: 3 | F8: 3 | G8: 4 | H8: 5 | I8: 4 | J8: 3 | K8: 4 | L8: 5 | M8: 3 | N8: 4 | O8: 4 | P8: 3
A9: Kentico Xperience | B9: 2 | C9: 4 | D9: 4 | E9: 3 | F9: 3 | G9: 4 | H9: 4 | I9: 4 | J9: 3 | K9: 4 | L9: 4 | M9: 3 | N9: 4 | O9: 3 | P9: 3
A10: OpenText TeamSite | B10: 1 | C10: 5 | D10: 2 | E10: 2 | F10: 2 | G10: 3 | H10: 3 | I10: 4 | J10: 2 | K10: 4 | L10: 4 | M10: 2 | N10: 3 | O10: 2 | P10: 2
A11: WordPress | B11: 5 | C11: 3 | D11: 5 | E11: 4 | F11: 5 | G11: 4 | H11: 4 | I11: 3 | J11: 2 | K11: 4 | L11: 3 | M11: 4 | N11: 5 | O11: 5 | P11: 5
A12: Drupal (Community) | B12: 5 | C12: 5 | D12: 3 | E12: 3 | F12: 3 | G12: 4 | H12: 5 | I12: 4 | J12: 5 | K12: 5 | L12: 5 | M12: 3 | N12: 5 | O12: 5 | P12: 5
A13: Joomla | B13: 5 | C13: 3 | D13: 4 | E13: 3 | F13: 4 | G13: 3 | H13: 3 | I13: 3 | J13: 2 | K13: 3 | L13: 3 | M13: 4 | N13: 3 | O13: 4 | P13: 4
... A26: Wix | B26: 4 | C26: 4 | D26: 5 | E26: 5 | F26: 5 | G26: 5 | H26: 2 | I26: 3 | J26: 1 | K26: 2 | L26: 2 | M26: 5 | N26: 2 | O26: 4 | P26: 4

Sheet User Preferences
A1: Parameter | B1: Impact (1-Low, 2-Medium, 3-High) | R1: Version | S1: v1.0 (Scores Frozen – USA + India)
A2: License Cost | B2: 2 | R2: Status | S2: Baseline scoring frozen
A3: Security | B3: 2
A4: Ease of Use (Authors) | B4: 2
A5: Learning Curve (Developers) | B5: 2
A6: Setup Time | B6: 2
A7: Cloud Support | B7: 2
A8: Extensibility | B8: 2
A9: Performance & Scalability | B9: 2
A10: Headless Capability | B10: 2
A11: Multilingual Support | B11: 2
A12: Workflow & Governance | B12: 2
A13: Upgrade & Maintenance Effort | B13: 2
A14: Vendor Lock-in Risk | B14: 2
... A16: Market Resource Availability | B16: 2

Sheet Weighted Results
A1: CMS | B1: CMS Type | C1: Total Weighted Score | D1: Normalized Score | R1: Version | S1: v1.0 (Scores Frozen – USA + India)
A2: ='CMS Master Scores'!A12 -> Drupal (Community) | B2: Open Source, Traditional, Headless | C2: {=SUMPRODUCT(TRANSPOSE('CMS Master Scores'!B12:P12), 'User Preferences'!B2:B16)} -> 130 | D2: =C2/SUM('User Preferences'!B2:B16) -> 4.3333333 | R2: Status | S2: Baseline scoring frozen
A3: ='CMS Master Scores'!A5 -> Acquia Drupal | B3: Enterprise, Open Source, Hybrid | C3: {=SUMPRODUCT(TRANSPOSE('CMS Master Scores'!B5:P5), 'User Preferences'!B2:B16)} -> 128 | D3: =C3/SUM('User Preferences'!B2:B16) -> 4.2666667
A4: ='CMS Master Scores'!A19 -> Sanity | B4: Headless, SaaS | C4: {=SUMPRODUCT(TRANSPOSE('CMS Master Scores'!B19:P19), 'User Preferences'!B2:B16)} -> 128 | D4: =C4/SUM('User Preferences'!B2:B16) -> 4.2666667
A5: ='CMS Master Scores'!A20 -> Storyblok | B5: Headless, SaaS | C5: {=SUMPRODUCT(TRANSPOSE('CMS Master Scores'!B20:P20), 'User Preferences'!B2:B16)} -> 128 | D5: =C5/SUM('User Preferences'!B2:B16) -> 4.2666667
A6: ='CMS Master Scores'!A17 -> Contentful | B6: Headless, SaaS | C6: {=SUMPRODUCT(TRANSPOSE('CMS Master Scores'!B17:P17), 'User Preferences'!B2:B16)} -> 126 | D6: =C6/SUM('User Preferences'!B2:B16) -> 4.2
A7: ='CMS Master Scores'!A18 -> Strapi | B7: Headless, Open Source | C7: {=SUMPRODUCT(TRANSPOSE('CMS Master Scores'!B18:P18), 'User Preferences'!B2:B16)} -> 124 | D7: =C7/SUM('User Preferences'!B2:B16) -> 4.1333333
A8: ='CMS Master Scores'!A21 -> Hygraph (GraphCMS) | B8: Headless, SaaS | C8: {=SUMPRODUCT(TRANSPOSE('CMS Master Scores'!B21:P21), 'User Preferences'!B2:B16)} -> 124 | D8: =C8/SUM('User Preferences'!B2:B16) -> 4.1333333
A9: ='CMS Master Scores'!A23 -> Directus | B9: Headless, Open Source | C9: {=SUMPRODUCT(TRANSPOSE('CMS Master Scores'!B23:P23), 'User Preferences'!B2:B16)} -> 124 | D9: =C9/SUM('User Preferences'!B2:B16) -> 4.1333333
A10: ='CMS Master Scores'!A11 -> WordPress | B10: Open Source, Traditional | C10: {=SUMPRODUCT(TRANSPOSE('CMS Master Scores'!B11:P11), 'User Preferences'!B2:B16)} -> 122 | D10: =C10/SUM('User Preferences'!B2:B16) -> 4.0666667
A11: ='CMS Master Scores'!A15 -> Umbraco | B11: Open Source, Hybrid | C11: {=SUMPRODUCT(TRANSPOSE('CMS Master Scores'!B15:P15), 'User Preferences'!B2:B16)} -> 118 | D11: =C11/SUM('User Preferences'!B2:B16) -> 3.9333333
A12: ='CMS Master Scores'!A24 -> Webflow CMS | B12: SaaS, No-Code | C12: {=SUMPRODUCT(TRANSPOSE('CMS Master Scores'!B24:P24), 'User Preferences'!B2:B16)} -> 116 | D12: =C12/SUM('User Preferences'!B2:B16) -> 3.8666667
A13: ='CMS Master Scores'!A2 -> Adobe Experience Manager (AEM) | B13: Enterprise, Hybrid | C13: {=SUMPRODUCT(TRANSPOSE('CMS Master Scores'!B2:P2), 'User Preferences'!B2:B16)} -> 114 | D13: =C13/SUM('User Preferences'!B2:B16) -> 3.8
A14: ='CMS Master Scores'!A3 -> Sitecore | B14: Enterprise, Hybrid | C14: {=SUMPRODUCT(TRANSPOSE('CMS Master Scores'!B3:P3), 'User Preferences'!B2:B16)} -> 114 | D14: =C14/SUM('User Preferences'!B2:B16) -> 3.8
A15: ='CMS Master Scores'!A22 -> Prismic | B15: Headless, SaaS | C15: {=SUMPRODUCT(TRANSPOSE('CMS Master Scores'!B22:P22), 'User Preferences'!B2:B16)} -> 112 | D15: =C15/SUM('User Preferences'!B2:B16) -> 3.7333333
A16: ='CMS Master Scores'!A4 -> Optimizely (Episerver) | B16: Enterprise, Hybrid | C16: {=SUMPRODUCT(TRANSPOSE('CMS Master Scores'!B4:P4), 'User Preferences'!B2:B16)} -> 110 | D16: =C16/SUM('User Preferences'!B2:B16) -> 3.6666667
A17: ='CMS Master Scores'!A8 -> Liferay DXP | B17: Enterprise, Open Source | C17: {=SUMPRODUCT(TRANSPOSE('CMS Master Scores'!B8:P8), 'User Preferences'!B2:B16)} -> 110 | D17: =C17/SUM('User Preferences'!B2:B16) -> 3.6666667
A18: ='CMS Master Scores'!A6 -> Bloomreach | B18: Enterprise, Headless | C18: {=SUMPRODUCT(TRANSPOSE('CMS Master Scores'!B6:P6), 'User Preferences'!B2:B16)} -> 108 | D18: =C18/SUM('User Preferences'!B2:B16) -> 3.6
A19: ='CMS Master Scores'!A16 -> Ghost | B19: Open Source, SaaS | C19: {=SUMPRODUCT(TRANSPOSE('CMS Master Scores'!B16:P16), 'User Preferences'!B2:B16)} -> 108 | D19: =C19/SUM('User Preferences'!B2:B16) -> 3.6
A20: ='CMS Master Scores'!A25 -> Squarespace | B20: SaaS, No-Code | C20: {=SUMPRODUCT(TRANSPOSE('CMS Master Scores'!B25:P25), 'User Preferences'!B2:B16)} -> 106 | D20: =C20/SUM('User Preferences'!B2:B16) -> 3.5333333
A21: ='CMS Master Scores'!A26 -> Wix | B21: SaaS, No-Code | C21: {=SUMPRODUCT(TRANSPOSE('CMS Master Scores'!B26:P26), 'User Preferences'!B2:B16)} -> 106 | D21: =C21/SUM('User Preferences'!B2:B16) -> 3.5333333
A22: ='CMS Master Scores'!A9 -> Kentico Xperience | B22: Enterprise, Hybrid | C22: {=SUMPRODUCT(TRANSPOSE('CMS Master Scores'!B9:P9), 'User Preferences'!B2:B16)} -> 104 | D22: =C22/SUM('User Preferences'!B2:B16) -> 3.4666667
A23: ='CMS Master Scores'!A7 -> Crownpeak | B23: Enterprise, SaaS | C23: {=SUMPRODUCT(TRANSPOSE('CMS Master Scores'!B7:P7), 'User Preferences'!B2:B16)} -> 102 | D23: =C23/SUM('User Preferences'!B2:B16) -> 3.4
A24: ='CMS Master Scores'!A13 -> Joomla | B24: Open Source, Traditional | C24: {=SUMPRODUCT(TRANSPOSE('CMS Master Scores'!B13:P13), 'User Preferences'!B2:B16)} -> 102 | D24: =C24/SUM('User Preferences'!B2:B16) -> 3.4
A25: ='CMS Master Scores'!A14 -> TYPO3 | B25: Open Source, Enterprise-friendly | C25: {=SUMPRODUCT(TRANSPOSE('CMS Master Scores'!B14:P14), 'User Preferences'!B2:B16)} -> 102 | D25: =C25/SUM('User Preferences'!B2:B16) -> 3.4
A26: ='CMS Master Scores'!A10 -> OpenText TeamSite | B26: Enterprise | C26: {=SUMPRODUCT(TRANSPOSE('CMS Master Scores'!B10:P10), 'User Preferences'!B2:B16)} -> 82 | D26: =C26/SUM('User Preferences'!B2:B16) -> 2.7333333
